"","files","authors","commits","days","conflicts","complex","bic"
"37",161,10,69,24,1,"TRUE","FALSE"
"106",17,3,4,3,1,"FALSE","FALSE"
"138",307,29,57,4,1,"TRUE","TRUE"
"141",207,20,50,12,1,"TRUE","FALSE"
"154",881,25,77,5,9,"TRUE","TRUE"
"155",657,48,156,4,13,"TRUE","FALSE"
"157",1002,32,176,16,2,"TRUE","FALSE"
"160",160,9,23,3,2,"TRUE","FALSE"
"164",306,25,107,5,7,"TRUE","TRUE"
"170",367,20,85,11,3,"TRUE","FALSE"
"172",2310,47,529,75,8,"TRUE","FALSE"
"173",352,12,57,7,2,"TRUE","FALSE"
"194",984,55,371,3,6,"TRUE","TRUE"
"195",235,15,57,1,1,"TRUE","FALSE"
"200",2243,13,40,1,12,"TRUE","TRUE"
"211",235,10,27,3,1,"TRUE","FALSE"
"213",295,6,27,0,1,"TRUE","FALSE"
"219",212,32,133,3,10,"TRUE","TRUE"
"227",588,24,129,12,2,"TRUE","FALSE"
"229",288,25,112,3,1,"TRUE","FALSE"
"232",364,33,110,4,2,"TRUE","FALSE"
"234",1648,80,494,50,21,"TRUE","TRUE"
"239",1467,36,116,13,12,"TRUE","TRUE"
"241",2249,8,331,121,33,"TRUE","FALSE"
"243",106,6,58,7,1,"TRUE","TRUE"
"264",282,11,40,2,1,"TRUE","FALSE"
"282",892,44,243,18,1,"TRUE","FALSE"
"288",145,10,34,1,2,"TRUE","TRUE"
"291",72,5,12,1,1,"TRUE","FALSE"
"292",627,35,134,7,1,"TRUE","TRUE"
"310",1376,32,118,13,2,"TRUE","FALSE"
"311",384,27,75,18,5,"TRUE","TRUE"
"316",1797,50,375,42,1,"TRUE","TRUE"
"318",1190,70,386,15,4,"TRUE","TRUE"
"328",805,27,184,13,2,"TRUE","FALSE"
"338",2573,33,125,6,1,"TRUE","TRUE"
"341",317,43,156,6,2,"TRUE","FALSE"
"369",231,9,55,1,1,"TRUE","FALSE"
"370",817,47,144,24,20,"TRUE","FALSE"
"387",302,16,27,4,1,"TRUE","FALSE"
"389",1206,77,422,7,8,"TRUE","TRUE"
"393",215,16,43,5,1,"TRUE","FALSE"
"431",574,20,51,7,9,"TRUE","FALSE"
"435",244,18,54,2,2,"TRUE","FALSE"
"445",294,17,61,1,2,"TRUE","FALSE"
"447",2774,104,705,56,96,"TRUE","TRUE"
"455",315,19,48,5,5,"TRUE","FALSE"
"458",1425,82,468,22,17,"TRUE","TRUE"
"461",161,19,82,5,1,"TRUE","TRUE"
"477",10306,109,1597,185,917,"TRUE","TRUE"
"482",263,39,136,2,3,"TRUE","FALSE"
"489",139,37,123,2,1,"TRUE","FALSE"
"499",43,7,15,3,1,"TRUE","FALSE"
"501",207,10,69,0,3,"TRUE","FALSE"
"510",875,28,135,24,2,"TRUE","FALSE"
"512",416,34,109,4,2,"TRUE","FALSE"
"525",329,28,55,6,1,"TRUE","TRUE"
"530",309,9,54,3,5,"TRUE","TRUE"
"534",206,29,126,0,3,"TRUE","TRUE"
"537",251,18,63,4,1,"TRUE","TRUE"
"540",180,23,89,6,2,"TRUE","TRUE"
"541",947,50,366,2,2,"TRUE","FALSE"
"552",1841,32,140,9,1,"TRUE","FALSE"
"561",845,41,226,13,2,"TRUE","FALSE"
"581",257,16,72,1,1,"TRUE","FALSE"
"582",20,2,2,16,1,"FALSE","FALSE"
"601",314,6,33,0,1,"TRUE","TRUE"
"608",617,28,164,9,3,"TRUE","FALSE"
"632",125,17,51,94,2,"TRUE","FALSE"
"640",111,18,45,699,1,"TRUE","FALSE"
"649",386,7,34,100,1,"TRUE","FALSE"
"735",1431,90,1248,82,1,"TRUE","FALSE"
"949",673,85,1011,29,1,"TRUE","FALSE"
"1003",334,51,299,14,1,"TRUE","FALSE"
"1145",140,24,72,5,1,"TRUE","FALSE"
"1401",162,18,67,2,4,"TRUE","FALSE"
"1540",2579,106,1130,70,1,"TRUE","FALSE"
"1545",1139,108,877,57,1,"TRUE","FALSE"
"1831",490,20,209,36,1,"TRUE","FALSE"
"1934",34,16,22,4,1,"FALSE","FALSE"
"2049",466,26,107,98,4,"TRUE","FALSE"
"2050",854,86,581,124,4,"TRUE","FALSE"
"2074",182,17,110,4,1,"TRUE","FALSE"
"2152",1048,71,1047,45,1,"TRUE","FALSE"
"2667",1030,89,914,39,2,"TRUE","FALSE"
"3101",2219,113,1770,42,1,"TRUE","FALSE"
"3283",1941,156,2643,98,1,"TRUE","FALSE"
"3422",4397,479,15629,86,5,"TRUE","FALSE"
"3570",6,4,5,2,1,"FALSE","FALSE"
"3599",27,4,8,4,1,"FALSE","FALSE"
"3973",68,2,4,0,1,"FALSE","FALSE"
"4071",862,89,1242,29,11,"TRUE","FALSE"
"4191",179,12,35,2,1,"TRUE","FALSE"
"4733",2386,141,2546,180,23,"TRUE","FALSE"
"5014",458,45,306,104,7,"TRUE","FALSE"
"5040",919,70,672,14,1,"TRUE","FALSE"
"5150",2259,67,712,77,246,"TRUE","FALSE"
"5208",134,24,54,5,1,"TRUE","FALSE"
"5383",313,67,428,13,1,"TRUE","FALSE"
"5486",78,12,25,2,2,"TRUE","FALSE"
"5536",359,29,101,22,1,"TRUE","FALSE"
"6043",3,4,12,1,1,"FALSE","FALSE"
"6232",64,17,45,2,1,"FALSE","FALSE"
"6279",848,16,77,10,2,"TRUE","FALSE"
"6321",1165,65,933,57,88,"TRUE","FALSE"
"6442",2,3,4,15,1,"FALSE","FALSE"
"6719",222,21,45,26,1,"FALSE","FALSE"
"6860",4087,466,15750,9,2,"TRUE","FALSE"
"7180",2360,119,2502,124,1,"TRUE","FALSE"
"7185",153,28,64,6,2,"TRUE","FALSE"
"7213",120,16,34,2,1,"TRUE","FALSE"
"7366",479,26,136,9,2,"TRUE","FALSE"
"7435",454,42,142,7,2,"TRUE","TRUE"
"7445",2855,166,2934,110,1,"TRUE","FALSE"
"8022",430,7,44,2,10,"TRUE","FALSE"
"8029",3661,61,1976,304,1,"TRUE","FALSE"
"8043",11065,8,95,4,3,"TRUE","FALSE"
"8045",2390,49,931,114,2,"TRUE","FALSE"
"8050",5583,54,695,74,1,"TRUE","TRUE"
"8055",283,3,12,1,1,"TRUE","FALSE"
"8094",11147,7,106,4,3,"TRUE","FALSE"
"8099",116,8,27,2,1,"TRUE","FALSE"
"8111",993,26,483,80,1,"TRUE","FALSE"
"8112",255,19,130,32,3,"TRUE","TRUE"
"8128",13,2,3,47,1,"FALSE","FALSE"
"8129",600,2,12,0,1,"TRUE","FALSE"
"8159",17,5,8,1,1,"FALSE","FALSE"
"8193",11231,17,189,14,8,"TRUE","FALSE"
"8194",565,22,133,12,1,"TRUE","FALSE"
"8233",672,17,182,17,2,"TRUE","FALSE"
"8236",12,5,18,14,1,"FALSE","FALSE"
"8241",28,13,47,24,1,"FALSE","FALSE"
"8246",86,5,103,5,4,"TRUE","FALSE"
"8247",7,2,5,1,1,"FALSE","FALSE"
"8255",39,10,34,63,4,"TRUE","TRUE"
"8256",13,2,11,67,1,"FALSE","FALSE"
"8257",9,6,15,65,1,"FALSE","FALSE"
"8261",45,11,140,7,2,"FALSE","FALSE"
"8265",66,3,40,2,1,"FALSE","TRUE"
"8267",59,8,73,3,5,"TRUE","FALSE"
"8272",10,4,15,9,1,"FALSE","FALSE"
"8273",24,3,6,20,1,"FALSE","FALSE"
"8282",44,6,43,6,1,"FALSE","TRUE"
"8283",53,8,87,0,1,"FALSE","FALSE"
"8286",72,12,140,142,3,"TRUE","FALSE"
"8288",114,12,159,3,1,"TRUE","FALSE"
"8318",29,3,64,0,1,"FALSE","FALSE"
"8323",29,3,63,11,1,"FALSE","FALSE"
"8325",109,12,156,7,1,"FALSE","FALSE"
"8327",54,9,111,22,4,"TRUE","FALSE"
"8334",48,11,126,0,2,"FALSE","FALSE"
"8345",117,14,169,7,3,"TRUE","TRUE"
"8352",8,3,6,54,1,"FALSE","FALSE"
"8355",38,2,2,2,9,"TRUE","FALSE"
"8365",64,4,16,5,1,"TRUE","FALSE"
"8367",114,13,164,4,5,"TRUE","FALSE"
"8368",29,3,60,5,1,"FALSE","FALSE"
"8371",2,2,2,4,1,"FALSE","FALSE"
"8372",37,3,39,7,1,"TRUE","FALSE"
"8375",5,2,6,7,1,"FALSE","FALSE"
"8383",72,10,116,7,4,"TRUE","FALSE"
"8385",61,9,69,9,7,"TRUE","FALSE"
"8386",56,9,65,1,2,"TRUE","FALSE"
"8391",47,13,152,1,1,"FALSE","FALSE"
"8393",4,2,2,1,2,"FALSE","FALSE"
"8398",60,10,117,16,6,"TRUE","FALSE"
"8400",105,4,21,12,10,"TRUE","FALSE"
"8402",28,2,4,11,1,"FALSE","FALSE"
"8411",113,12,167,0,1,"TRUE","FALSE"
"8412",7,2,5,0,1,"FALSE","FALSE"
"8420",17,3,6,1,1,"FALSE","FALSE"
"8426",129,7,122,48,2,"TRUE","FALSE"
"8430",110,13,155,0,1,"TRUE","FALSE"
"8432",30,3,20,18,4,"FALSE","FALSE"
"8437",57,13,160,132,1,"FALSE","TRUE"
"8442",51,8,68,0,2,"FALSE","FALSE"
"8449",63,13,66,31,3,"TRUE","FALSE"
"8454",31,6,54,23,1,"FALSE","FALSE"
"8473",22,4,30,72,2,"FALSE","FALSE"
"8476",19,3,18,1,2,"FALSE","FALSE"
"8479",52,3,16,4,1,"TRUE","FALSE"
"8484",3,2,2,0,1,"FALSE","FALSE"
"8495",52,13,134,5,4,"TRUE","FALSE"
"8499",139,5,104,1,28,"TRUE","TRUE"
"8503",28,2,30,15,1,"FALSE","FALSE"
"8508",50,15,147,7,2,"TRUE","FALSE"
"8511",88,5,92,5,3,"TRUE","FALSE"
"8512",34,5,59,16,1,"FALSE","FALSE"
"8518",112,12,170,0,1,"FALSE","FALSE"
"8525",2,2,2,7,1,"FALSE","FALSE"
"8528",59,8,81,0,1,"TRUE","FALSE"
"8538",168,4,16,14,2,"TRUE","FALSE"
"8541",110,12,160,3,1,"FALSE","FALSE"
"8543",54,10,63,15,2,"FALSE","FALSE"
"8544",33,8,40,21,1,"FALSE","FALSE"
"8546",2,2,2,0,1,"FALSE","FALSE"
"8550",78,8,43,25,9,"TRUE","FALSE"
"8554",52,8,69,1,3,"FALSE","FALSE"
"8557",5,3,14,4,1,"FALSE","FALSE"
"8559",110,7,120,6,3,"TRUE","FALSE"
"8563",37,7,52,21,1,"FALSE","FALSE"
"8571",9,3,9,3,1,"FALSE","FALSE"
"8573",124,15,195,67,2,"FALSE","TRUE"
"8574",53,8,94,4,1,"FALSE","FALSE"
"8578",10,2,3,7,2,"FALSE","FALSE"
"8583",60,12,106,24,2,"TRUE","FALSE"
"8584",110,12,161,3,2,"FALSE","FALSE"
"8586",74,14,68,21,4,"TRUE","FALSE"
"8591",28,2,5,26,1,"FALSE","FALSE"
"8592",4,3,6,1,1,"FALSE","FALSE"
"8593",61,8,78,0,3,"TRUE","FALSE"
"8597",149,12,209,34,1,"FALSE","TRUE"
"8611",30,10,26,15,1,"FALSE","FALSE"
"8614",54,8,87,0,1,"FALSE","FALSE"
"8618",4,3,5,68,1,"FALSE","FALSE"
"8625",9,9,21,2,1,"FALSE","FALSE"
"8626",28,2,25,11,1,"FALSE","FALSE"
"8629",19,2,8,5,1,"FALSE","FALSE"
"8630",39,4,19,8,2,"FALSE","FALSE"
"8631",55,8,69,1,2,"TRUE","FALSE"
"8637",59,6,97,25,1,"FALSE","FALSE"
"8641",26,2,35,5,1,"FALSE","FALSE"
"8644",216,12,174,4,1,"TRUE","FALSE"
"8645",97,7,102,13,3,"TRUE","FALSE"
"8647",15,2,11,3,1,"FALSE","FALSE"
"8661",15,3,31,7,1,"FALSE","FALSE"
"8666",6,3,6,9,1,"FALSE","FALSE"
"8683",35,9,39,10,1,"FALSE","FALSE"
"8685",64,5,19,4,4,"TRUE","FALSE"
"8686",74,10,64,38,1,"FALSE","FALSE"
"8702",50,10,115,9,1,"TRUE","FALSE"
"8704",139,8,159,13,1,"FALSE","TRUE"
"8706",15,5,11,7,1,"FALSE","FALSE"
"8707",12,8,25,11,1,"FALSE","FALSE"
"8714",141,3,56,0,4,"TRUE","FALSE"
"8716",56,11,95,4,3,"FALSE","FALSE"
"8718",66,3,31,25,8,"TRUE","FALSE"
"8725",83,4,97,1,2,"FALSE","FALSE"
"8738",15,2,9,53,1,"FALSE","FALSE"
"8740",52,14,149,24,1,"TRUE","FALSE"
"8742",60,8,85,0,6,"TRUE","FALSE"
"8748",52,4,21,6,1,"TRUE","FALSE"
"8749",75,8,85,1,3,"TRUE","FALSE"
"8752",37,6,16,14,1,"FALSE","FALSE"
"8761",11,4,12,11,1,"FALSE","FALSE"
"8769",69,6,64,4,4,"TRUE","FALSE"
"8775",45,12,138,16,1,"FALSE","FALSE"
"8778",17,7,14,4,1,"FALSE","FALSE"
"8801",855,6,36,12,5,"TRUE","FALSE"
"8854",7,2,3,0,1,"FALSE","FALSE"
"8906",1721,27,330,131,7,"TRUE","FALSE"
"8925",2,2,2,0,1,"FALSE","FALSE"
"8933",18,2,6,0,1,"FALSE","FALSE"
"9041",243,8,42,17,3,"TRUE","FALSE"
"9055",1673,14,431,78,45,"TRUE","TRUE"
"9112",114,5,30,3,1,"TRUE","FALSE"
"9126",1640,5,11,1,1,"TRUE","FALSE"
"9134",69,8,23,13,1,"TRUE","FALSE"
"9142",688,5,14,0,7,"TRUE","FALSE"
"9150",211,5,15,9,2,"TRUE","FALSE"
"9169",26,3,7,1,2,"FALSE","FALSE"
"9183",21,4,4,1,1,"FALSE","FALSE"
"9201",160,8,51,19,2,"TRUE","TRUE"
"9212",33,4,12,7,3,"FALSE","FALSE"
"9213",774,18,299,102,5,"TRUE","FALSE"
"9216",80,11,40,7,1,"TRUE","FALSE"
"9222",25,5,11,0,1,"FALSE","FALSE"
"9233",298,17,110,50,10,"TRUE","FALSE"
"9246",144,12,86,18,1,"TRUE","FALSE"
"9260",83,6,44,6,1,"TRUE","FALSE"
"9298",184,11,64,15,8,"TRUE","TRUE"
"9322",57,8,33,4,1,"FALSE","FALSE"
"9342",66,5,13,1,1,"TRUE","FALSE"
"9345",363,19,187,46,8,"TRUE","FALSE"
"9351",67,6,18,9,1,"TRUE","FALSE"
"9385",144,8,42,12,1,"TRUE","FALSE"
"9390",180,15,83,52,3,"TRUE","FALSE"
"9392",42,3,3,3,1,"FALSE","FALSE"
"9410",270,4,9,13,1,"TRUE","FALSE"
"9415",1844,55,465,917,1,"TRUE","FALSE"
"9420",913,18,207,94,2,"TRUE","FALSE"
"9477",78,3,22,4,2,"TRUE","FALSE"
"9485",32,3,4,1,1,"FALSE","FALSE"
"9490",61,8,37,5,1,"TRUE","FALSE"
"9497",7,3,6,0,1,"FALSE","FALSE"
"9513",304,5,35,15,1,"TRUE","FALSE"
"9531",91,2,2,3,1,"TRUE","FALSE"
"9585",70,6,23,14,1,"TRUE","FALSE"
"9594",73,2,7,85,4,"TRUE","FALSE"
"9599",102,12,54,76,1,"TRUE","FALSE"
"9624",65,6,20,7,3,"TRUE","FALSE"
"9650",162,15,61,32,1,"TRUE","FALSE"
"9674",84,6,26,7,4,"TRUE","FALSE"
"9714",140,3,7,51,2,"TRUE","FALSE"
"9728",91,11,57,2,1,"TRUE","FALSE"
"9791",28,6,18,0,2,"FALSE","FALSE"
"9808",19,2,2,0,1,"FALSE","FALSE"
"9816",37,7,11,3,1,"FALSE","TRUE"
"9817",53,4,6,7,1,"TRUE","FALSE"
"9824",97,10,51,3,1,"TRUE","FALSE"
"9881",55,5,16,7,1,"TRUE","FALSE"
"9902",406,9,38,27,2,"TRUE","FALSE"
"9907",195,9,42,9,5,"TRUE","FALSE"
"9929",36,5,16,2,2,"FALSE","FALSE"
"9936",6,4,9,2,1,"FALSE","FALSE"
"9947",327,8,42,66,2,"TRUE","FALSE"
"9951",514,17,80,348,17,"TRUE","FALSE"
"9959",41,4,4,0,1,"TRUE","FALSE"
"10013",31,6,22,212,1,"FALSE","FALSE"
"10014",57,6,17,5,2,"TRUE","FALSE"
"10034",477,12,143,58,3,"TRUE","FALSE"
"10037",77,11,50,5,3,"TRUE","FALSE"
"10038",51,8,37,15,4,"TRUE","FALSE"
"10039",106,6,40,18,2,"TRUE","FALSE"
"10052",124,12,48,30,5,"TRUE","FALSE"
"10092",76,8,42,8,2,"TRUE","FALSE"
"10099",200,13,57,10,3,"TRUE","TRUE"
"10105",44,5,10,4,3,"TRUE","FALSE"
"10119",35,8,24,1,3,"FALSE","FALSE"
"10152",49,5,18,16,3,"TRUE","FALSE"
"10174",22,5,9,0,1,"FALSE","FALSE"
"10185",69,10,65,64,2,"TRUE","FALSE"
"10187",192,7,14,25,2,"TRUE","FALSE"
"10222",219,3,13,11,1,"TRUE","FALSE"
"10277",304,18,83,114,1,"TRUE","FALSE"
"10296",90,6,23,2,3,"TRUE","FALSE"
"10322",677,15,210,65,2,"TRUE","FALSE"
"10328",100,5,19,5,3,"TRUE","FALSE"
"10348",82,5,16,2,3,"TRUE","FALSE"
"10363",277,13,115,33,9,"TRUE","FALSE"
"10376",32,5,5,1,1,"FALSE","TRUE"
"10423",390,19,189,49,1,"TRUE","FALSE"
"10429",546,8,109,18,3,"TRUE","FALSE"
"10431",232,11,79,8,1,"TRUE","FALSE"
"10434",31,2,5,0,2,"FALSE","TRUE"
"10446",483,11,448,12,1,"TRUE","FALSE"
"10449",315,4,82,5,2,"TRUE","FALSE"
"10453",163,4,82,15,1,"FALSE","FALSE"
"10455",618,15,636,47,1,"TRUE","FALSE"
"10456",247,6,122,20,2,"TRUE","FALSE"
"10458",119,8,39,15,13,"TRUE","FALSE"
"10459",48,3,51,1,1,"TRUE","FALSE"
"10465",430,11,287,59,7,"TRUE","FALSE"
"10468",148,10,90,34,1,"TRUE","FALSE"
"10469",171,10,101,54,14,"TRUE","FALSE"
"10471",258,11,355,8,4,"TRUE","FALSE"
"10472",221,9,225,7,4,"TRUE","FALSE"
"10474",419,9,222,40,1,"TRUE","FALSE"
"10476",372,7,169,14,3,"TRUE","FALSE"
"10482",272,7,115,25,1,"TRUE","FALSE"
"10485",55,2,7,0,1,"FALSE","FALSE"
"10490",658,12,483,30,58,"TRUE","FALSE"
"10493",274,11,335,24,2,"TRUE","FALSE"
"10494",212,9,301,11,2,"TRUE","FALSE"
"10497",109,5,60,44,1,"TRUE","FALSE"
"10498",906,7,220,29,29,"TRUE","FALSE"
"10500",741,15,563,137,26,"TRUE","FALSE"
"10501",447,14,325,33,1,"TRUE","FALSE"
"10508",79,3,42,10,1,"TRUE","FALSE"
"10515",650,9,294,143,16,"TRUE","FALSE"
"10522",185,4,18,3,1,"TRUE","FALSE"
"10532",220,3,79,33,5,"TRUE","FALSE"
"10533",22,2,5,1,1,"FALSE","FALSE"
"10534",308,11,218,51,7,"TRUE","FALSE"
"10535",1251,24,1026,44,7,"TRUE","FALSE"
"10537",94,3,74,25,1,"TRUE","FALSE"
"10539",158,8,19,7,1,"TRUE","FALSE"
"10552",397,4,56,14,19,"TRUE","FALSE"
"10562",42,2,33,6,1,"TRUE","FALSE"
"10563",1072,14,746,89,2,"TRUE","FALSE"
"10574",55,2,7,14,1,"TRUE","FALSE"
"10577",106,6,55,9,1,"TRUE","FALSE"
"10578",82,6,37,8,1,"TRUE","FALSE"
"10579",777,14,550,34,37,"TRUE","FALSE"
"10584",71,5,34,2,1,"TRUE","FALSE"
"10585",532,9,503,54,14,"TRUE","FALSE"
"10591",324,6,269,39,2,"TRUE","FALSE"
"10596",2,2,2,0,1,"FALSE","FALSE"
"10613",21,3,28,11,1,"FALSE","FALSE"
"10617",295,9,290,24,9,"TRUE","TRUE"
"10619",133,3,36,1,1,"TRUE","FALSE"
"10620",179,4,101,0,2,"TRUE","FALSE"
"10621",470,3,56,32,74,"TRUE","FALSE"
"10631",353,8,149,12,1,"TRUE","FALSE"
"10634",162,4,78,5,1,"TRUE","FALSE"
"10646",88,4,55,14,1,"TRUE","FALSE"
"10651",172,6,82,11,1,"TRUE","FALSE"
"10653",1415,26,1964,170,9,"TRUE","FALSE"
"10654",10,2,3,0,1,"FALSE","FALSE"
"10656",274,14,127,18,3,"TRUE","TRUE"
"10657",322,9,151,11,3,"TRUE","TRUE"
"10666",116,2,3,6,6,"TRUE","FALSE"
"10667",123,3,26,1,1,"TRUE","FALSE"
"10669",95,6,43,8,1,"TRUE","FALSE"
"10670",22,2,3,0,1,"FALSE","FALSE"
"10671",24,2,3,0,2,"FALSE","FALSE"
"10672",60,3,41,1,1,"TRUE","FALSE"
"10675",72,3,19,14,1,"TRUE","FALSE"
"10679",377,5,94,26,1,"TRUE","FALSE"
"10681",42,2,5,1,2,"FALSE","FALSE"
"10682",158,2,24,4,2,"TRUE","FALSE"
"10683",637,13,501,0,4,"TRUE","FALSE"
"10689",245,4,105,33,6,"TRUE","FALSE"
"10690",311,7,133,20,6,"TRUE","FALSE"
"10694",497,10,145,5,1,"TRUE","FALSE"
"10696",731,8,170,163,11,"TRUE","FALSE"
"10703",33,2,21,6,1,"TRUE","FALSE"
"10706",283,4,138,17,20,"TRUE","FALSE"
"10711",476,7,261,0,1,"TRUE","FALSE"
"10713",55,3,20,3,13,"TRUE","FALSE"
"10716",1009,16,620,109,9,"TRUE","FALSE"
"10720",133,3,11,9,1,"TRUE","FALSE"
"10727",463,10,145,5,4,"TRUE","FALSE"
"10728",74,2,14,2,1,"TRUE","FALSE"
"10731",175,3,32,47,2,"TRUE","FALSE"
"10737",77,6,103,59,6,"TRUE","FALSE"
"10741",42,2,3,2,1,"FALSE","FALSE"
"10749",1039,18,675,53,35,"TRUE","FALSE"
"10750",15,2,3,0,1,"FALSE","FALSE"
"10752",234,11,117,18,1,"TRUE","TRUE"
"10753",55,2,14,4,1,"TRUE","FALSE"
"10754",49,2,3,6,2,"TRUE","FALSE"
"10758",291,4,54,3,13,"TRUE","FALSE"
"10763",11,2,2,12,1,"FALSE","FALSE"
"10764",97,2,2,16,2,"TRUE","FALSE"
"10766",154,6,14,1,2,"TRUE","FALSE"
"10768",171,9,121,35,1,"TRUE","FALSE"
"10772",188,13,177,33,5,"TRUE","FALSE"
"10773",873,20,623,38,5,"TRUE","FALSE"
"10774",323,7,442,26,1,"TRUE","FALSE"
"10776",458,13,123,44,1,"TRUE","FALSE"
"10777",992,23,937,119,2,"TRUE","FALSE"
"10778",441,15,651,131,2,"TRUE","FALSE"
"10787",480,9,153,5,5,"TRUE","FALSE"
"10789",76,3,24,0,2,"TRUE","FALSE"
"10792",102,2,33,30,2,"TRUE","FALSE"
"10794",2619,12,478,245,387,"TRUE","FALSE"
"10796",81,2,9,1,2,"TRUE","FALSE"
"10800",61,4,24,13,4,"TRUE","FALSE"
"10809",42,3,27,6,1,"TRUE","FALSE"
"10813",198,12,77,8,1,"TRUE","FALSE"
"10814",221,8,83,1,1,"TRUE","FALSE"
"10815",219,5,108,2,1,"TRUE","FALSE"
"10818",213,5,58,37,1,"TRUE","FALSE"
"10833",1757,8,31,21,71,"TRUE","FALSE"
"10851",559,8,212,62,8,"TRUE","FALSE"
"10862",15,2,3,3,1,"FALSE","FALSE"
"10870",10,2,5,0,1,"FALSE","FALSE"
"10873",163,4,54,40,3,"TRUE","FALSE"
"10887",534,9,301,31,1,"TRUE","FALSE"
"10889",400,6,112,19,1,"TRUE","FALSE"
"10891",354,5,204,31,34,"TRUE","FALSE"
"10892",1150,17,778,123,34,"TRUE","FALSE"
"10903",60,5,41,4,1,"TRUE","FALSE"
"10907",62,2,13,3,1,"TRUE","FALSE"
"10917",262,5,142,9,2,"TRUE","FALSE"
"10920",20,2,8,2,1,"FALSE","FALSE"
"10921",99,3,32,16,2,"TRUE","FALSE"
"10932",166,8,71,15,1,"TRUE","FALSE"
"10934",164,3,28,6,1,"TRUE","FALSE"
"10935",632,13,474,36,26,"TRUE","FALSE"
"10936",459,13,52,46,26,"TRUE","FALSE"
"10942",332,6,119,43,2,"TRUE","TRUE"
"10943",409,7,245,46,2,"TRUE","TRUE"
"10948",656,16,404,76,2,"TRUE","FALSE"
"10949",529,16,390,70,2,"TRUE","FALSE"
"10951",80,6,30,7,1,"TRUE","FALSE"
"10954",1077,9,397,67,65,"TRUE","FALSE"
"10955",16,4,9,2,2,"FALSE","FALSE"
"10964",6,2,6,0,1,"FALSE","FALSE"
"10966",74,3,29,5,3,"TRUE","FALSE"
"10967",45,3,30,3,2,"TRUE","FALSE"
"10972",18,2,9,24,1,"FALSE","FALSE"
"10973",128,4,42,29,6,"TRUE","TRUE"
"10975",105,3,29,21,1,"TRUE","FALSE"
"10995",738,11,683,34,1,"TRUE","FALSE"
"10997",122,3,14,19,1,"TRUE","FALSE"
"11007",328,4,94,43,1,"TRUE","FALSE"
"11008",99,4,32,9,1,"TRUE","FALSE"
"11009",843,8,222,21,29,"TRUE","FALSE"
"11014",876,9,243,27,29,"TRUE","FALSE"
"11019",52,5,28,7,1,"TRUE","FALSE"
"11021",1933,18,605,35,20,"TRUE","FALSE"
"11022",688,12,235,17,20,"TRUE","FALSE"
"11025",109,3,75,26,1,"TRUE","FALSE"
"11034",73,5,31,7,1,"TRUE","FALSE"
"11036",311,5,80,32,1,"TRUE","FALSE"
"11047",268,10,215,30,1,"TRUE","FALSE"
"11048",938,15,509,21,1,"TRUE","FALSE"
"11053",139,9,22,13,1,"TRUE","FALSE"
"11063",325,6,102,75,3,"TRUE","FALSE"
"11072",699,11,279,29,4,"TRUE","FALSE"
"11073",146,2,19,2,1,"TRUE","FALSE"
"11074",1425,3,185,50,1,"TRUE","FALSE"
"11075",795,17,744,89,1,"TRUE","FALSE"
"11079",336,6,276,20,3,"TRUE","FALSE"
"11085",112,5,34,5,1,"TRUE","FALSE"
"11093",366,10,196,5,1,"TRUE","FALSE"
"11095",503,9,322,40,3,"TRUE","TRUE"
"11099",27,3,15,0,1,"FALSE","FALSE"
"11101",117,2,30,29,4,"TRUE","FALSE"
"11102",53,4,54,2,3,"TRUE","FALSE"
"11105",213,7,91,2,1,"TRUE","FALSE"
"11111",191,7,54,25,4,"TRUE","TRUE"
"11120",6,2,4,0,1,"FALSE","FALSE"
"11127",317,19,64,18,1,"TRUE","FALSE"
"11139",22,3,27,6,1,"FALSE","FALSE"
"11146",2224,54,503,103,33,"TRUE","FALSE"
"11150",123,3,36,6,4,"TRUE","FALSE"
"11151",383,14,56,14,1,"TRUE","FALSE"
"11152",287,8,101,2,3,"TRUE","FALSE"
"11155",7,3,5,7,1,"FALSE","FALSE"
"11157",190,10,67,4,1,"TRUE","FALSE"
"11161",2697,10,27,64,7,"TRUE","FALSE"
"11164",1460,13,43,16,1,"TRUE","FALSE"
"11181",412,15,97,2,42,"TRUE","FALSE"
"11186",495,15,57,88,3,"TRUE","FALSE"
"11188",2745,53,206,20,6,"TRUE","FALSE"
"11201",1145,44,346,39,3,"TRUE","FALSE"
"11202",33,3,15,8,2,"TRUE","FALSE"
"11213",34,6,7,1,2,"TRUE","FALSE"
"11218",557,26,114,21,7,"TRUE","FALSE"
"11219",8,4,6,1,1,"FALSE","FALSE"
"11238",134,9,16,2,1,"TRUE","FALSE"
"11244",54,3,24,11,1,"TRUE","FALSE"
"11246",169,5,55,2,1,"TRUE","FALSE"
"11247",6882,15,44,3,29,"TRUE","TRUE"
"11254",11,8,17,0,1,"FALSE","FALSE"
"11267",2488,67,621,125,78,"TRUE","FALSE"
"11269",333,26,108,21,9,"TRUE","FALSE"
"11272",15,3,4,1,1,"FALSE","FALSE"
"11283",490,17,64,10,2,"TRUE","FALSE"
"11291",933,18,240,13,3,"TRUE","FALSE"
"11293",349,19,106,7,2,"TRUE","FALSE"
"11296",221,19,57,7,1,"TRUE","FALSE"
"11297",3870,64,701,170,34,"TRUE","FALSE"
"11307",454,6,98,2,1,"TRUE","FALSE"
"11311",261,14,39,8,2,"TRUE","FALSE"
"11313",93,12,28,1,1,"TRUE","FALSE"
"11315",3790,21,114,14,11,"TRUE","FALSE"
"11324",4108,43,613,151,4,"TRUE","FALSE"
"11328",11525,3,52,1,1,"TRUE","FALSE"
"11334",68,12,18,4,1,"TRUE","FALSE"
"11343",1507,24,184,31,2,"TRUE","FALSE"
"11344",92,7,17,3,1,"TRUE","FALSE"
"11365",674,36,219,23,1,"TRUE","FALSE"
"11366",182,5,80,7,1,"TRUE","FALSE"
"11368",203,5,81,5,5,"TRUE","FALSE"
"11373",199,23,48,20,4,"TRUE","FALSE"
"11377",10173,31,551,87,1,"TRUE","FALSE"
"11381",35,2,7,2,1,"TRUE","FALSE"
"11384",629,14,39,9,4,"TRUE","FALSE"
"11385",1157,6,36,29,3,"TRUE","FALSE"
"11421",89,9,18,4,1,"TRUE","FALSE"
"11424",1325,59,340,64,15,"TRUE","FALSE"
"11428",972,12,90,24,9,"TRUE","TRUE"
"11434",6523,7,12,3,27,"TRUE","TRUE"
"11440",825,29,124,19,1,"TRUE","FALSE"
"11444",42,4,47,7,1,"TRUE","FALSE"
"11446",1658,56,344,61,8,"TRUE","FALSE"
"11448",209,7,50,5,1,"TRUE","FALSE"
"11450",160,3,64,5,2,"TRUE","FALSE"
"11453",716,15,85,37,2,"TRUE","FALSE"
"11454",734,11,121,23,1,"TRUE","FALSE"
"11457",550,19,109,18,1,"TRUE","FALSE"
"11467",421,10,97,10,8,"TRUE","FALSE"
"11471",542,13,68,10,16,"TRUE","FALSE"
"11472",209,10,59,2,1,"TRUE","FALSE"
"11473",456,20,58,18,4,"TRUE","FALSE"
"11474",2332,52,385,92,11,"TRUE","FALSE"
"11477",5717,22,211,84,55,"TRUE","TRUE"
"11478",8952,65,627,121,55,"TRUE","TRUE"
"11490",4389,4,9,16,1,"TRUE","FALSE"
"11498",5099,14,59,12,42,"TRUE","FALSE"
"11499",41,2,4,0,1,"TRUE","FALSE"
"11500",5151,19,209,36,12,"TRUE","FALSE"
"11506",189,10,19,9,1,"TRUE","FALSE"
"11524",2,2,2,0,3,"FALSE","FALSE"
"11575",252,6,146,5,1,"TRUE","FALSE"
"11581",28,5,12,5,1,"FALSE","FALSE"
"11587",2,2,2,0,3,"FALSE","FALSE"
"11592",134,7,87,57,1,"TRUE","FALSE"
"11606",322,33,402,75,1,"TRUE","FALSE"
"11642",572,4,41,4,1,"TRUE","FALSE"
"11643",167,6,65,12,1,"TRUE","TRUE"
"11660",315,9,182,24,1,"TRUE","FALSE"
"11673",730,6,164,1,3,"TRUE","TRUE"
"11680",18,2,2,0,27,"FALSE","FALSE"
"11683",56,7,47,2,1,"TRUE","FALSE"
"11692",2,2,2,0,3,"FALSE","FALSE"
"11695",2,2,2,0,3,"FALSE","FALSE"
"11697",2,2,2,1,3,"FALSE","FALSE"
"11702",2,2,2,0,3,"FALSE","FALSE"
"11705",99,12,116,8,1,"TRUE","FALSE"
"11708",2,2,2,0,3,"FALSE","FALSE"
"11717",134,5,101,4,1,"TRUE","FALSE"
"11721",51,4,99,2,1,"TRUE","FALSE"
"11725",645,9,124,33,1,"TRUE","FALSE"
"11737",370,14,437,39,7,"TRUE","TRUE"
"11742",2,2,2,0,3,"FALSE","FALSE"
"11750",95,4,78,1,1,"TRUE","FALSE"
"11754",14,2,2,1,21,"FALSE","FALSE"
"11758",44,5,25,11,2,"TRUE","TRUE"
"11765",2,2,2,0,3,"FALSE","FALSE"
"11777",2,2,2,0,3,"FALSE","FALSE"
"11779",45,2,2,0,63,"TRUE","FALSE"
"11789",338,23,178,88,1,"TRUE","FALSE"
"11790",46,2,2,0,69,"TRUE","FALSE"
"11794",172,8,129,29,2,"TRUE","FALSE"
"11795",2,2,2,0,3,"FALSE","FALSE"
"11802",609,4,79,1,2,"TRUE","FALSE"
"11805",125,12,78,15,1,"TRUE","FALSE"
"11814",62,13,72,32,1,"TRUE","FALSE"
"11818",866,37,1041,417,1,"TRUE","FALSE"
"11824",31,6,54,8,1,"FALSE","FALSE"
"11828",44,9,33,17,1,"TRUE","FALSE"
"11834",529,26,421,83,11,"TRUE","FALSE"
"11844",39,7,28,15,2,"TRUE","FALSE"
"11856",622,4,65,3,4,"TRUE","FALSE"
"11863",2,2,2,0,3,"FALSE","FALSE"
"11876",696,4,132,2,1,"TRUE","FALSE"
"11896",109,11,154,9,2,"TRUE","TRUE"
"11899",71,4,41,19,2,"TRUE","FALSE"
"11901",3753,154,2007,816,3,"TRUE","FALSE"
"11904",26,6,17,4,1,"FALSE","FALSE"
"11905",49,9,26,11,2,"TRUE","FALSE"
"11929",615,27,629,80,1,"TRUE","TRUE"
"11938",24,5,24,3,1,"FALSE","FALSE"
"11942",617,8,65,11,1,"TRUE","FALSE"
"11946",818,13,240,39,2,"TRUE","TRUE"
"11947",671,12,208,18,2,"TRUE","TRUE"
"11949",55,7,102,5,3,"TRUE","FALSE"
"11955",941,50,1055,276,1,"TRUE","FALSE"
"11958",122,2,2,0,183,"TRUE","FALSE"
"11967",639,6,86,6,1,"TRUE","TRUE"
"11970",370,17,272,59,9,"TRUE","TRUE"
"11974",6,5,8,10,1,"FALSE","FALSE"
"11977",2,2,2,0,3,"FALSE","FALSE"
"11980",4,2,2,0,3,"FALSE","FALSE"
"11982",195,9,118,9,3,"TRUE","FALSE"
"11996",2,2,2,0,3,"FALSE","FALSE"
"12000",1039,23,540,61,21,"TRUE","TRUE"
"12001",819,14,304,17,21,"TRUE","TRUE"
"12007",67,4,117,7,1,"TRUE","TRUE"
"12012",2,2,2,1,3,"FALSE","FALSE"
"12027",50,12,90,9,1,"TRUE","FALSE"
"12032",89,4,61,10,1,"TRUE","FALSE"
"12050",133,10,76,3,1,"TRUE","TRUE"
"12062",2,2,2,0,3,"FALSE","FALSE"
"12067",209,7,156,17,1,"TRUE","FALSE"
"12068",73,6,156,8,1,"TRUE","FALSE"
"12075",2,2,2,0,3,"FALSE","FALSE"
"12083",2,2,2,0,3,"FALSE","FALSE"
"12128",2,2,2,0,3,"FALSE","FALSE"
"12129",19,2,5,16,1,"FALSE","FALSE"
"12143",36,2,2,0,54,"TRUE","FALSE"
"12154",293,8,208,14,2,"TRUE","FALSE"
"12159",9,2,2,0,3,"FALSE","FALSE"
"12166",584,5,39,2,2,"TRUE","FALSE"
"12168",2,2,2,0,3,"FALSE","FALSE"
"12175",72,3,43,4,2,"TRUE","FALSE"
"12176",140,16,105,20,1,"TRUE","TRUE"
"12177",2,2,2,0,3,"FALSE","FALSE"
"12179",39,3,46,1,1,"FALSE","FALSE"
"12204",107,5,101,23,3,"TRUE","FALSE"
"12206",3,2,2,1,1,"FALSE","FALSE"
"12215",2,2,2,0,3,"FALSE","FALSE"
"12219",2,2,2,0,3,"FALSE","FALSE"
"12223",64,2,2,0,96,"TRUE","FALSE"
"12228",603,4,72,0,1,"TRUE","FALSE"
"12240",643,9,110,6,2,"TRUE","FALSE"
"12259",603,4,74,0,1,"TRUE","FALSE"
"12274",2,2,2,0,3,"FALSE","FALSE"
"12276",25,5,64,7,1,"FALSE","FALSE"
"12281",3,2,2,0,3,"FALSE","FALSE"
"12289",28,2,2,0,42,"FALSE","FALSE"
"12296",388,22,237,5,2,"TRUE","FALSE"
"12299",1133,13,143,8,2,"TRUE","FALSE"
"12301",260,10,124,8,1,"TRUE","FALSE"
"12304",615,31,281,6,2,"TRUE","FALSE"
"12306",136,6,16,0,1,"TRUE","FALSE"
"12307",733,28,142,8,7,"TRUE","FALSE"
"12309",187,10,49,4,1,"TRUE","FALSE"
"12310",563,25,330,6,2,"TRUE","FALSE"
"12311",139,6,38,4,1,"TRUE","FALSE"
"12312",650,17,283,6,2,"TRUE","FALSE"
"12313",248,11,99,5,1,"TRUE","FALSE"
"12314",185,6,121,1,1,"TRUE","FALSE"
"12315",275,7,36,9,1,"TRUE","FALSE"
"12316",100,9,30,2,1,"TRUE","FALSE"
"12318",376,13,119,4,2,"TRUE","FALSE"
"12320",537,32,120,13,3,"TRUE","FALSE"
"12321",607,16,123,7,2,"TRUE","FALSE"
"12328",866,38,375,20,9,"TRUE","TRUE"
"12330",2201,57,350,54,23,"TRUE","FALSE"
"12332",843,18,360,2,1,"TRUE","TRUE"
"12333",295,8,115,3,1,"TRUE","FALSE"
"12334",664,34,157,48,5,"TRUE","FALSE"
"12336",1810,12,152,26,4,"TRUE","FALSE"
"12341",195,12,38,4,1,"TRUE","FALSE"
"12343",250,4,140,4,1,"TRUE","FALSE"
"12347",575,8,136,13,5,"TRUE","FALSE"
"12348",273,5,138,3,1,"TRUE","FALSE"
"12351",509,14,149,8,2,"TRUE","FALSE"
"12355",244,5,134,1,1,"TRUE","FALSE"
"12356",104,5,58,2,1,"TRUE","FALSE"
"12358",236,12,44,8,1,"TRUE","FALSE"
"12359",1005,33,332,17,11,"TRUE","TRUE"
"12361",264,6,146,5,2,"TRUE","FALSE"
"12362",1384,24,157,7,14,"TRUE","FALSE"
"12363",462,11,46,5,19,"TRUE","FALSE"
"12368",277,8,55,1,2,"TRUE","FALSE"
"12370",2023,17,399,31,7,"TRUE","FALSE"
"12372",963,7,30,5,1,"TRUE","FALSE"
"12374",765,22,156,6,17,"TRUE","FALSE"
"12375",256,14,48,5,2,"TRUE","FALSE"
"12376",2686,62,399,91,25,"TRUE","FALSE"
"12377",271,12,102,5,1,"TRUE","FALSE"
"12381",118,6,9,1,2,"TRUE","FALSE"
"12382",551,9,97,22,6,"TRUE","FALSE"
"12384",429,15,63,8,1,"TRUE","FALSE"
"12385",1652,11,44,11,2,"TRUE","FALSE"
"12386",120,2,16,0,1,"TRUE","FALSE"
"12387",578,12,111,7,1,"TRUE","FALSE"
"12388",252,12,155,1,2,"TRUE","FALSE"
"12389",367,12,38,2,12,"TRUE","FALSE"
"12392",1198,19,354,16,2,"TRUE","FALSE"
"12394",296,6,136,4,2,"TRUE","FALSE"
"12397",493,14,311,3,1,"TRUE","FALSE"
"12400",992,45,177,35,1,"TRUE","FALSE"
"12401",624,28,123,8,5,"TRUE","FALSE"
"12402",1699,19,160,50,2,"TRUE","FALSE"
"12403",599,18,172,10,14,"TRUE","TRUE"
"12404",319,11,98,1,3,"TRUE","FALSE"
"12405",426,17,79,6,2,"TRUE","FALSE"
"12406",749,28,294,8,4,"TRUE","FALSE"
"12408",803,21,123,14,5,"TRUE","TRUE"
"12410",86,6,35,1,1,"TRUE","FALSE"
"12415",261,3,42,1,2,"TRUE","FALSE"
"12417",302,15,168,5,7,"TRUE","FALSE"
"12421",112,4,62,0,2,"TRUE","FALSE"
"12422",1727,38,233,48,2,"TRUE","FALSE"
"12423",1693,9,55,3,1,"TRUE","FALSE"
"12425",1094,23,357,4,9,"TRUE","FALSE"
"12426",549,17,277,2,1,"TRUE","FALSE"
"12430",791,24,122,18,2,"TRUE","FALSE"
"12431",343,7,74,25,1,"TRUE","FALSE"
"12434",147,7,11,1,1,"TRUE","FALSE"
"12436",888,4,130,1,2,"TRUE","FALSE"
"12442",1307,15,140,8,1,"TRUE","FALSE"
"12444",1756,14,303,13,12,"TRUE","FALSE"
"12445",710,25,108,10,3,"TRUE","FALSE"
"12447",995,7,122,6,1,"TRUE","FALSE"
"12448",4031,44,366,78,38,"TRUE","FALSE"
"12449",1380,18,445,17,1,"TRUE","TRUE"
"12451",153,3,16,1,2,"TRUE","FALSE"
"12455",237,13,109,2,2,"TRUE","TRUE"
"12456",177,5,97,3,2,"TRUE","FALSE"
"12460",424,16,122,7,1,"TRUE","FALSE"
"12462",130,14,29,5,1,"TRUE","FALSE"
"12471",583,3,125,2,3,"TRUE","FALSE"
"12472",297,12,35,9,1,"TRUE","FALSE"
"12474",1751,41,466,29,19,"TRUE","FALSE"
"12477",185,11,102,2,3,"TRUE","FALSE"
"12481",400,17,255,2,1,"TRUE","FALSE"
"12482",750,19,168,9,4,"TRUE","FALSE"
"12484",485,37,124,11,2,"TRUE","FALSE"
"12485",1141,15,279,12,4,"TRUE","FALSE"
"12488",1382,12,218,30,7,"TRUE","TRUE"
"12489",406,8,184,6,3,"TRUE","FALSE"
"12490",283,10,44,6,1,"TRUE","FALSE"
"12491",232,11,32,6,1,"TRUE","FALSE"
"12493",1186,19,328,28,3,"TRUE","FALSE"
"12494",1492,21,358,26,5,"TRUE","FALSE"
"12497",551,28,76,15,2,"TRUE","FALSE"
"12498",355,14,125,7,4,"TRUE","FALSE"
"12500",850,15,364,2,1,"TRUE","FALSE"
"12502",2256,16,117,10,7,"TRUE","FALSE"
"12504",89,11,34,2,2,"TRUE","FALSE"
"12506",596,9,130,8,4,"TRUE","FALSE"
"12508",707,9,153,9,5,"TRUE","FALSE"
"12511",116,8,28,2,1,"TRUE","FALSE"
"12512",1885,49,427,44,33,"TRUE","FALSE"
"12515",244,4,146,0,2,"TRUE","FALSE"
"12518",399,21,84,8,10,"TRUE","FALSE"
"12520",851,15,346,3,4,"TRUE","FALSE"
"12521",60,5,63,1,1,"TRUE","FALSE"
"12522",2238,23,100,6,2,"TRUE","FALSE"
"12526",902,10,350,4,1,"TRUE","FALSE"
"12529",308,12,136,5,8,"TRUE","FALSE"
"12531",998,12,33,2,4,"TRUE","FALSE"
"12532",264,10,170,1,5,"TRUE","FALSE"
"12536",820,8,157,17,3,"TRUE","FALSE"
"12537",752,9,128,16,1,"TRUE","FALSE"
"12540",185,8,53,2,1,"TRUE","FALSE"
"12541",1826,6,106,7,12,"TRUE","FALSE"
"12542",1025,37,201,23,7,"TRUE","FALSE"
"12545",443,15,141,4,1,"TRUE","FALSE"
"12546",335,6,147,3,2,"TRUE","FALSE"
"12548",824,14,80,19,1,"TRUE","FALSE"
"12550",493,13,45,9,3,"TRUE","TRUE"
"12551",1275,20,133,15,5,"TRUE","TRUE"
"12552",265,13,95,2,1,"TRUE","FALSE"
"12553",755,8,26,1,6,"TRUE","FALSE"
"12554",312,9,38,4,1,"TRUE","FALSE"
"12559",1254,38,445,21,11,"TRUE","FALSE"
"12560",316,6,52,1,3,"TRUE","FALSE"
"12566",187,11,31,3,8,"TRUE","FALSE"
"12567",1217,19,259,8,3,"TRUE","FALSE"
"12571",115,6,77,2,1,"TRUE","FALSE"
"12572",571,23,330,6,3,"TRUE","FALSE"
"12574",86,7,37,1,3,"TRUE","FALSE"
"12575",914,17,366,1,4,"TRUE","FALSE"
"12578",2611,18,131,30,3,"TRUE","FALSE"
"12582",767,8,160,36,1,"TRUE","FALSE"
"12584",1111,14,129,5,7,"TRUE","FALSE"
"12588",315,12,54,7,1,"TRUE","FALSE"
"12590",291,6,92,4,2,"TRUE","FALSE"
"12591",235,6,66,3,1,"TRUE","FALSE"
"12592",319,23,110,11,3,"TRUE","FALSE"
"12593",635,14,75,13,2,"TRUE","FALSE"
"12596",874,15,111,8,1,"TRUE","FALSE"
"12600",469,15,63,9,1,"TRUE","FALSE"
"12602",154,10,118,2,1,"TRUE","FALSE"
"12605",882,24,362,3,1,"TRUE","FALSE"
"12606",2539,27,361,75,14,"TRUE","FALSE"
"12607",336,11,51,8,1,"TRUE","FALSE"
"12609",254,12,77,7,2,"TRUE","FALSE"
"12613",1431,21,264,34,3,"TRUE","FALSE"
"12614",345,6,150,3,6,"TRUE","FALSE"
"12615",188,4,109,1,2,"TRUE","FALSE"
"12616",1154,15,395,1,2,"TRUE","FALSE"
"12617",1304,46,291,56,2,"TRUE","FALSE"
"12618",908,19,367,4,3,"TRUE","TRUE"
"12619",789,22,228,8,5,"TRUE","FALSE"
"12743",166,8,81,11,1,"TRUE","FALSE"
"12906",6,2,3,1,1,"FALSE","TRUE"
"12907",50,2,21,5,1,"TRUE","FALSE"
"12926",539,7,167,24,1,"TRUE","FALSE"
"12940",21,2,3,1,1,"FALSE","FALSE"
"12942",28,2,7,1,3,"FALSE","FALSE"
"12959",30,3,14,4,3,"FALSE","TRUE"
"12967",266,8,155,36,1,"TRUE","FALSE"
"12978",333,11,272,95,1,"TRUE","FALSE"
"12994",488,4,50,17,1,"TRUE","FALSE"
"13025",1091,6,108,40,6,"TRUE","FALSE"
"13057",55,3,8,3,1,"TRUE","FALSE"
"13060",19,4,19,4,1,"FALSE","FALSE"
"13069",86,5,33,11,2,"TRUE","FALSE"
"13108",172,2,2,0,2,"TRUE","FALSE"
"13123",700,5,166,35,1,"TRUE","FALSE"
"13148",13,2,4,1,3,"FALSE","FALSE"
"13173",35,2,13,19,1,"TRUE","FALSE"
"13223",475,6,129,19,1,"TRUE","FALSE"
"13225",77,7,55,7,1,"TRUE","FALSE"
"13248",8066,12,565,139,3,"TRUE","FALSE"
"13254",16,2,2,1,1,"FALSE","FALSE"
"13266",87,3,69,4,1,"TRUE","FALSE"
"13279",971,5,100,14,5,"TRUE","FALSE"
"13287",446,5,57,9,2,"TRUE","FALSE"
"13288",281,6,45,10,1,"TRUE","FALSE"
"13351",91,3,27,10,3,"TRUE","FALSE"
"13366",89,3,72,3,1,"TRUE","FALSE"
"13375",4,2,2,0,1,"FALSE","FALSE"
"13412",13,3,25,4,1,"FALSE","FALSE"
"13428",22,2,17,11,1,"FALSE","FALSE"
"13433",159,2,23,4,1,"TRUE","FALSE"
"13497",19,2,3,4,1,"FALSE","FALSE"
"13564",2,2,3,1,1,"FALSE","FALSE"
"13679",194,11,76,45,1,"FALSE","FALSE"
"13966",25,4,26,3,1,"FALSE","FALSE"
"14021",9,3,5,2,1,"FALSE","FALSE"
"14022",133,14,65,27,3,"TRUE","FALSE"
"14068",5,2,3,1,1,"FALSE","FALSE"
"14158",8,4,7,2,1,"FALSE","FALSE"
"14177",159,5,40,1,1,"TRUE","FALSE"
"14179",83,5,38,2,1,"TRUE","FALSE"
"14190",346,8,346,6,1,"TRUE","FALSE"
"14200",42,2,5,1,3,"FALSE","FALSE"
"14203",13,3,7,0,1,"FALSE","FALSE"
"14207",4,5,8,1,1,"FALSE","FALSE"
"14221",3224,5,32,1,7,"TRUE","TRUE"
"14225",80,3,44,2,3,"TRUE","FALSE"
"14244",169,5,44,4,4,"TRUE","FALSE"
"14260",6,2,3,0,1,"FALSE","FALSE"
"14263",4428,21,1048,47,40,"TRUE","FALSE"
"14264",4378,23,980,39,40,"TRUE","FALSE"
"14281",222,7,31,7,2,"TRUE","FALSE"
"14306",11,2,6,0,1,"FALSE","FALSE"
"14307",378,4,44,5,2,"TRUE","FALSE"
"14310",72,8,39,8,1,"FALSE","FALSE"
"14311",308,7,208,6,2,"TRUE","FALSE"
"14313",2,2,2,1,1,"FALSE","FALSE"
"14342",274,6,57,12,2,"TRUE","FALSE"
"14361",994,11,518,1,3,"TRUE","FALSE"
"14363",26,4,6,1,1,"FALSE","FALSE"
"14379",214,5,79,9,5,"TRUE","FALSE"
"14382",67,12,33,4,1,"TRUE","FALSE"
"14386",291,4,19,2,1,"TRUE","FALSE"
"14387",524,9,205,8,5,"TRUE","FALSE"
"14388",459,11,279,10,5,"TRUE","FALSE"
"14391",3002,5,52,1,6,"TRUE","FALSE"
"14397",63,3,25,0,1,"TRUE","FALSE"
"14400",10,3,8,0,1,"FALSE","FALSE"
"14411",458,9,82,43,30,"TRUE","FALSE"
"14412",835,59,317,83,53,"TRUE","TRUE"
"14419",72,8,39,8,1,"FALSE","FALSE"
"14420",62,2,6,5,2,"TRUE","FALSE"
"14435",931,9,466,4,3,"TRUE","FALSE"
"14437",421,8,34,2,2,"TRUE","FALSE"
"14443",983,10,498,2,1,"TRUE","FALSE"
"14470",912,8,443,0,1,"TRUE","FALSE"
"14481",181,3,8,0,6,"TRUE","FALSE"
"14495",943,13,383,28,16,"TRUE","FALSE"
"14505",278,11,166,3,2,"TRUE","FALSE"
"14507",257,19,143,75,14,"TRUE","FALSE"
"14521",4,5,8,1,1,"FALSE","FALSE"
"14522",159,9,111,21,5,"TRUE","FALSE"
"14524",49,3,18,1,1,"TRUE","FALSE"
"14531",969,19,514,15,4,"TRUE","FALSE"
"14532",1218,19,784,42,4,"TRUE","FALSE"
"14537",305,16,131,10,2,"TRUE","FALSE"
"14554",1462,15,79,17,2,"TRUE","FALSE"
"14575",246,10,140,3,1,"TRUE","FALSE"
"14584",160,8,15,4,1,"TRUE","FALSE"
"14592",326,8,108,5,9,"TRUE","FALSE"
"14601",96,14,105,0,1,"TRUE","FALSE"
"14602",329,15,189,3,1,"TRUE","FALSE"
"14609",289,3,22,4,1,"TRUE","FALSE"
"14617",82,4,34,1,1,"TRUE","FALSE"
"14624",390,13,138,12,15,"TRUE","FALSE"
"14629",180,5,25,1,1,"TRUE","FALSE"
"14639",53,2,4,0,2,"TRUE","FALSE"
"14652",171,6,99,2,1,"TRUE","FALSE"
"14682",1307,12,158,55,198,"TRUE","FALSE"
"14694",700,16,260,16,3,"TRUE","FALSE"
"14695",18,2,8,1,2,"FALSE","FALSE"
"14703",299,9,66,4,2,"TRUE","FALSE"
"14711",980,9,470,1,10,"TRUE","FALSE"
"14717",32,4,10,2,1,"FALSE","TRUE"
"14733",60,4,31,1,1,"TRUE","FALSE"
"14736",1095,11,487,2,1,"TRUE","FALSE"
"14739",48,9,49,6,1,"TRUE","FALSE"
"14744",386,38,166,59,11,"TRUE","TRUE"
"14753",23,3,11,1,1,"FALSE","FALSE"
"14755",2,2,2,1,1,"FALSE","FALSE"
"14762",211,22,42,7,1,"TRUE","TRUE"
"14765",30,2,3,1,3,"FALSE","FALSE"
"14771",163,5,48,5,1,"TRUE","FALSE"
"14776",125,23,39,8,2,"TRUE","TRUE"
"14782",521,3,54,11,2,"TRUE","FALSE"
"14803",188,15,134,4,1,"TRUE","FALSE"
"14806",296,5,93,1,1,"TRUE","FALSE"
"14817",7,2,4,0,1,"FALSE","FALSE"
"14822",120,7,89,21,2,"TRUE","FALSE"
"14833",832,9,303,7,5,"TRUE","FALSE"
"14845",67,5,10,1,1,"TRUE","FALSE"
"14850",12,3,5,0,1,"FALSE","FALSE"
"14865",43,2,7,0,2,"TRUE","FALSE"
"14875",139,7,49,2,3,"TRUE","FALSE"
"14876",47,3,12,1,1,"TRUE","FALSE"
"14885",38,4,7,0,3,"TRUE","FALSE"
"14890",38,4,24,4,1,"TRUE","FALSE"
"14891",6,2,2,3,1,"FALSE","FALSE"
"14897",146,4,11,1,1,"TRUE","FALSE"
"14903",41,11,29,11,1,"TRUE","FALSE"
"14905",79,6,44,2,3,"TRUE","FALSE"
"14909",166,5,48,5,1,"TRUE","FALSE"
"14915",51,7,14,4,2,"TRUE","FALSE"
"14925",228,8,117,5,1,"TRUE","FALSE"
"14931",222,19,61,21,5,"TRUE","FALSE"
"14937",210,4,51,0,1,"TRUE","FALSE"
"14938",149,6,61,5,1,"TRUE","FALSE"
"14944",297,7,103,1,1,"TRUE","FALSE"
"14946",101,3,46,0,2,"TRUE","FALSE"
"14961",140,5,37,2,1,"TRUE","FALSE"
"14965",114,14,34,16,1,"TRUE","FALSE"
"14975",160,11,64,4,2,"TRUE","FALSE"
"14977",308,6,25,3,7,"TRUE","FALSE"
"14985",436,5,324,0,6,"TRUE","FALSE"
"14987",1633,22,265,35,1,"TRUE","FALSE"
"14997",717,14,146,42,1,"TRUE","FALSE"
"15003",128,27,348,1,1,"TRUE","FALSE"
"15007",347,4,62,0,2,"TRUE","TRUE"
"15009",156,6,29,3,1,"TRUE","FALSE"
"15018",685,13,128,12,1,"TRUE","FALSE"
"15019",1081,12,137,17,4,"TRUE","FALSE"
"15020",312,9,53,3,10,"TRUE","FALSE"
"15031",200,7,46,7,1,"TRUE","FALSE"
"15037",131,3,9,0,2,"TRUE","FALSE"
"15041",385,40,270,4,1,"TRUE","FALSE"
"15043",380,48,393,14,5,"TRUE","FALSE"
"15050",457,12,152,6,1,"TRUE","FALSE"
"15057",358,4,51,0,1,"TRUE","FALSE"
"15059",766,13,104,11,10,"TRUE","FALSE"
"15060",105,8,85,3,1,"TRUE","FALSE"
"15063",204,31,335,6,4,"TRUE","FALSE"
"15064",139,8,86,2,1,"TRUE","TRUE"
"15070",111,9,28,4,1,"TRUE","TRUE"
"15073",725,44,303,6,2,"TRUE","FALSE"
"15076",3004,42,939,168,4,"TRUE","FALSE"
"15080",11,2,2,1,1,"FALSE","FALSE"
"15082",292,44,427,14,4,"TRUE","FALSE"
"15084",368,12,44,4,1,"TRUE","FALSE"
"15085",431,11,57,7,1,"TRUE","TRUE"
"15092",271,8,135,6,1,"TRUE","TRUE"
"15104",118,10,83,7,4,"TRUE","FALSE"
"15110",389,6,332,1,1,"TRUE","FALSE"
"15111",44,4,28,0,1,"FALSE","FALSE"
"15126",841,43,190,36,1,"TRUE","FALSE"
"15127",137,29,254,1,10,"TRUE","FALSE"
"15136",2692,12,39,2,3,"TRUE","FALSE"
"15142",132,28,263,2,1,"TRUE","FALSE"
"15148",220,8,42,4,1,"TRUE","FALSE"
"15153",1160,21,178,17,33,"TRUE","TRUE"
"15156",261,9,24,2,8,"TRUE","FALSE"
"15162",46,3,20,0,1,"TRUE","FALSE"
"15163",269,7,19,1,1,"TRUE","FALSE"
"15167",1780,15,866,147,54,"TRUE","TRUE"
"15169",520,12,100,6,5,"TRUE","FALSE"
"15170",386,16,51,3,1,"TRUE","FALSE"
"15173",358,14,46,6,1,"TRUE","FALSE"
"15174",326,13,105,11,6,"TRUE","FALSE"
"15179",456,11,299,2,2,"TRUE","FALSE"
"15190",171,38,333,7,1,"TRUE","FALSE"
"15191",136,8,46,1,1,"TRUE","TRUE"
"15197",358,8,66,4,6,"TRUE","FALSE"
"15200",1516,26,432,29,6,"TRUE","TRUE"
"15203",290,9,29,3,2,"TRUE","FALSE"
"15213",922,19,327,51,10,"TRUE","FALSE"
"15217",4320,65,796,84,196,"TRUE","FALSE"
"15218",438,10,361,4,4,"TRUE","FALSE"
"15219",1270,17,214,29,31,"TRUE","TRUE"
"15221",89,5,23,1,1,"TRUE","FALSE"
"15224",319,8,23,2,1,"TRUE","FALSE"
"15229",51,5,18,2,1,"FALSE","TRUE"
"15233",695,16,98,7,4,"TRUE","FALSE"
"15241",245,10,22,3,1,"TRUE","FALSE"
"15248",64,3,4,1,4,"TRUE","FALSE"
"15249",41,7,9,1,1,"TRUE","FALSE"
"15264",1260,19,261,19,2,"TRUE","FALSE"
"15267",3,2,2,1,1,"FALSE","FALSE"
"15269",463,6,34,12,6,"TRUE","FALSE"
"15270",423,11,67,11,7,"TRUE","FALSE"
"15278",299,8,28,2,1,"TRUE","FALSE"
"15285",252,11,89,5,1,"TRUE","FALSE"
"15286",232,37,300,7,2,"TRUE","FALSE"
"15290",25,2,4,0,1,"FALSE","TRUE"
"15296",55,25,245,0,1,"FALSE","FALSE"
"15313",53,2,19,0,1,"FALSE","TRUE"
"15315",228,20,58,16,1,"TRUE","FALSE"
"15323",65,9,33,5,1,"TRUE","FALSE"
"15330",809,16,274,33,22,"TRUE","TRUE"
"15332",301,7,80,9,1,"TRUE","FALSE"
"15336",983,17,96,8,3,"TRUE","FALSE"
"15338",364,7,231,0,1,"TRUE","FALSE"
"15340",72,6,28,1,2,"TRUE","FALSE"
"15342",111,5,46,0,1,"TRUE","FALSE"
"15345",279,8,68,2,3,"TRUE","TRUE"
"15346",118,8,16,1,1,"TRUE","FALSE"
"15351",1459,6,28,1,1,"TRUE","FALSE"
"15353",122,16,87,7,1,"TRUE","FALSE"
"15355",454,15,271,3,1,"TRUE","FALSE"
"15372",736,18,266,37,10,"TRUE","TRUE"
"15374",161,5,8,1,1,"TRUE","FALSE"
"15376",694,22,250,15,2,"TRUE","FALSE"
"15378",388,12,86,7,6,"TRUE","TRUE"
"15381",245,9,74,3,1,"TRUE","FALSE"
"15386",61,5,29,1,2,"TRUE","FALSE"
"15393",354,9,53,4,1,"TRUE","TRUE"
"15400",177,11,79,4,1,"TRUE","FALSE"
"15401",188,4,33,2,3,"TRUE","TRUE"
"15404",278,6,37,2,2,"TRUE","TRUE"
"15408",427,48,414,12,1,"TRUE","FALSE"
"15410",28,5,9,1,1,"FALSE","FALSE"
"15417",327,39,331,8,4,"TRUE","FALSE"
"15426",128,6,81,1,1,"TRUE","FALSE"
"15427",158,40,295,3,1,"TRUE","FALSE"
"15431",356,11,52,4,1,"TRUE","FALSE"
"15433",745,18,52,9,81,"TRUE","TRUE"
"15435",5377,21,109,13,1,"TRUE","TRUE"
"15437",87,6,55,0,2,"TRUE","FALSE"
"15442",341,19,165,14,2,"TRUE","FALSE"
"15451",546,12,130,8,11,"TRUE","TRUE"
"15452",815,16,295,36,12,"TRUE","FALSE"
"15455",1304,16,288,35,13,"TRUE","TRUE"
"15457",709,8,78,10,1,"TRUE","FALSE"
"15464",159,36,309,5,2,"TRUE","FALSE"
"15470",1559,21,284,29,2,"TRUE","FALSE"
"15475",243,10,72,13,4,"TRUE","FALSE"
"15477",5397,8,23,2,2,"TRUE","FALSE"
"15481",1435,42,579,8,2,"TRUE","FALSE"
"15489",319,12,141,9,2,"TRUE","FALSE"
"15491",275,15,72,6,1,"TRUE","TRUE"
"15492",282,21,82,8,1,"TRUE","FALSE"
"15498",75,14,30,6,1,"FALSE","FALSE"
"15518",268,45,402,16,1,"TRUE","FALSE"
"15523",36,5,17,1,1,"TRUE","TRUE"
"15542",247,31,251,3,2,"TRUE","FALSE"
"15546",295,8,86,4,2,"TRUE","TRUE"
"15550",207,7,30,1,1,"TRUE","TRUE"
"15554",510,11,105,13,1,"TRUE","FALSE"
"15560",138,6,27,4,1,"TRUE","FALSE"
"15564",223,8,65,2,3,"TRUE","TRUE"
"15575",341,17,165,3,2,"TRUE","FALSE"
"15580",433,18,143,18,2,"TRUE","FALSE"
"15583",702,49,360,15,1,"TRUE","FALSE"
"15585",528,10,89,19,2,"TRUE","TRUE"
"15586",302,10,101,13,7,"TRUE","FALSE"
"15588",413,12,236,3,2,"TRUE","FALSE"
"15592",279,8,26,1,18,"TRUE","FALSE"
"15597",389,9,178,170,25,"TRUE","FALSE"
"15606",240,2,8,2,5,"TRUE","FALSE"
"15607",15,2,4,10,1,"FALSE","FALSE"
"15608",15,2,4,26,1,"FALSE","FALSE"
"15611",122,3,10,0,82,"TRUE","FALSE"
"15629",14,2,3,0,7,"FALSE","FALSE"
"15641",185,6,42,146,7,"TRUE","FALSE"
"15649",390,9,182,170,25,"TRUE","FALSE"
"15652",208,8,116,1,5,"TRUE","FALSE"
"15653",197,10,252,3,5,"TRUE","FALSE"
"15665",34414,56,639,27,2,"TRUE","FALSE"
"15691",28784,16,104,8,1,"TRUE","FALSE"
"15694",2097,31,248,113,1,"TRUE","FALSE"
"15714",25686,18,215,20,7,"TRUE","FALSE"
"15761",755,22,184,45,1,"TRUE","FALSE"
"15765",1375,22,93,53,1,"TRUE","FALSE"
"15781",93,12,36,11,1,"TRUE","FALSE"
"15816",298,8,38,2,1,"TRUE","FALSE"
"15868",1573,16,121,20,2,"TRUE","FALSE"
"15895",34463,58,654,54,1,"TRUE","FALSE"
"15940",2,2,2,0,1,"FALSE","FALSE"
"15952",7,4,9,1,1,"FALSE","FALSE"
"15976",1963,31,210,98,2,"TRUE","FALSE"
"15984",56869,23,311,23,3,"TRUE","FALSE"
"16040",334,14,155,13,1,"TRUE","FALSE"
"16042",34367,54,587,57,1,"TRUE","FALSE"
"16058",7254,18,84,43,4,"TRUE","FALSE"
"16072",19932,12,54,2,1,"TRUE","FALSE"
"16082",39064,28,270,86,9,"TRUE","FALSE"
"16095",37,2,16,2,1,"FALSE","FALSE"
"16146",77,8,21,7,1,"TRUE","FALSE"
"16267",115,7,21,4,1,"TRUE","FALSE"
"16288",25289,12,67,12,1,"TRUE","FALSE"
"16299",96,8,52,1,1,"TRUE","FALSE"
"16305",1129,15,78,9,4,"TRUE","FALSE"
"16400",2016,31,253,0,2,"TRUE","FALSE"
"16411",26,5,17,1,1,"FALSE","FALSE"
"16419",392,19,112,7,1,"TRUE","FALSE"
"16463",139,19,48,23,3,"TRUE","TRUE"
"16466",32,2,2,2,1,"TRUE","FALSE"
"16498",236,3,26,3,1,"TRUE","FALSE"
"16511",710,28,217,56,1,"TRUE","FALSE"
"16512",47,5,15,6,1,"TRUE","FALSE"
"16541",98,5,20,2,1,"TRUE","FALSE"
"16559",505,20,126,21,5,"TRUE","TRUE"
"16593",151,2,4,4,1,"TRUE","FALSE"
"16609",169,2,2,1,8,"TRUE","TRUE"
"16614",269,3,6,18,129,"TRUE","FALSE"
"16617",2428,3,39,6,1,"TRUE","TRUE"
"16622",171,4,43,7,2,"TRUE","FALSE"
"16625",753,19,211,59,8,"TRUE","FALSE"
"16629",266,2,2,2,7,"TRUE","FALSE"
"16635",1253,9,107,12,2,"TRUE","FALSE"
"16646",554,11,94,29,1,"TRUE","FALSE"
"16659",897,13,131,29,2,"TRUE","FALSE"
"16673",57,7,33,8,1,"TRUE","FALSE"
"16705",221,7,11,12,1,"TRUE","FALSE"
"16706",895,6,61,6,2,"TRUE","FALSE"
"16725",18,5,13,6,1,"FALSE","FALSE"
"16734",135,6,51,6,3,"TRUE","FALSE"
"16736",24,4,9,1,3,"FALSE","FALSE"
"16737",18,5,9,1,3,"FALSE","FALSE"
"16738",3211,12,97,39,131,"TRUE","FALSE"
"16758",1086,6,60,5,6,"TRUE","TRUE"
"16763",2,2,2,0,1,"FALSE","FALSE"
"16775",289,24,116,25,1,"TRUE","TRUE"
"16799",15,7,9,40,2,"FALSE","FALSE"
"16810",267,8,50,7,4,"TRUE","TRUE"
"16818",25,5,8,29,1,"FALSE","FALSE"
"16819",561,12,278,412,104,"TRUE","FALSE"
"16879",109,7,8,34,2,"TRUE","TRUE"
"16897",108,20,155,67,3,"TRUE","FALSE"
"16904",56,6,21,22,2,"TRUE","FALSE"
"16912",252,8,40,170,1,"TRUE","FALSE"
"16921",1955,12,185,400,92,"TRUE","FALSE"
"16922",86,17,143,50,1,"TRUE","FALSE"
"16932",230,5,23,155,1,"TRUE","FALSE"
"16934",28,5,21,34,1,"FALSE","FALSE"
"16973",250,15,114,127,13,"TRUE","FALSE"
"16982",95,16,80,112,1,"TRUE","FALSE"
"16988",118,5,18,70,2,"TRUE","FALSE"
"16997",112,21,145,121,3,"TRUE","FALSE"
"17011",73,16,71,110,3,"TRUE","FALSE"
"17070",318,23,211,153,10,"TRUE","FALSE"
"17081",33,3,7,8,1,"FALSE","FALSE"
"17088",46,2,2,12,1,"FALSE","FALSE"
"17089",46,3,16,34,4,"TRUE","FALSE"
"17093",234,18,363,97,3,"TRUE","FALSE"
"17096",58,3,23,26,5,"TRUE","FALSE"
"17109",7,3,4,2,1,"FALSE","FALSE"
"17115",35,3,32,7,2,"FALSE","FALSE"
"17121",79,8,56,16,2,"TRUE","TRUE"
"17142",145,10,105,27,13,"TRUE","FALSE"
"17157",83,12,77,22,2,"TRUE","FALSE"
"17158",5,2,12,8,1,"FALSE","FALSE"
"17163",28,3,23,2,2,"FALSE","TRUE"
"17171",62,3,26,35,4,"TRUE","FALSE"
"17172",47,5,32,39,4,"TRUE","FALSE"
"17177",78,5,40,20,3,"TRUE","FALSE"
"17184",63,3,4,5,2,"TRUE","FALSE"
"17198",31,3,33,0,1,"FALSE","FALSE"
"17207",6,2,2,5,1,"FALSE","FALSE"
"17222",59,6,10,25,1,"TRUE","FALSE"
"17239",41,3,14,13,2,"TRUE","FALSE"
"17243",33,3,7,8,1,"FALSE","FALSE"
"17253",50,7,62,8,2,"TRUE","FALSE"
"17254",106,6,55,4,2,"TRUE","FALSE"
"17255",92,2,53,5,2,"TRUE","FALSE"
"17261",113,3,12,1,7,"TRUE","FALSE"
"17264",57,5,25,7,1,"TRUE","FALSE"
"17284",25,4,18,5,1,"FALSE","FALSE"
"17285",30,3,22,8,2,"FALSE","FALSE"
"17289",49,3,24,8,2,"TRUE","FALSE"
"17290",132,3,49,42,7,"TRUE","FALSE"
"17297",82,6,43,6,2,"TRUE","FALSE"
"17300",30,3,14,18,1,"FALSE","FALSE"
"17301",29,4,12,2,1,"FALSE","FALSE"
"17302",117,3,10,20,33,"TRUE","FALSE"
"17304",5,3,3,3,1,"FALSE","FALSE"
"17307",67,2,13,13,9,"TRUE","FALSE"
"17315",82,5,40,5,1,"TRUE","FALSE"
"17320",161,13,218,41,6,"TRUE","FALSE"
"17353",123,15,112,60,1,"TRUE","FALSE"
"17364",32,3,15,5,3,"TRUE","FALSE"
"17389",17,2,2,5,1,"FALSE","FALSE"
"17393",24,2,21,2,1,"FALSE","FALSE"
"17397",36,5,40,11,3,"TRUE","FALSE"
"17398",55,9,57,16,1,"TRUE","FALSE"
"17408",24,3,9,21,2,"FALSE","FALSE"
"17410",32,3,10,40,1,"FALSE","FALSE"
"17415",114,6,26,9,2,"TRUE","FALSE"
"17447",191,6,36,1,12,"TRUE","TRUE"
"17456",196,3,36,1,2,"TRUE","TRUE"
"17469",190,6,32,1,2,"TRUE","TRUE"
"17484",199,4,12,4,2,"TRUE","TRUE"
"17490",950,12,116,25,43,"TRUE","TRUE"
"17498",232,3,28,2,2,"TRUE","TRUE"
"17504",33,7,46,4,2,"TRUE","FALSE"
"17522",203,28,268,28,5,"TRUE","FALSE"
"17528",2325,29,195,20,2,"TRUE","FALSE"
"17536",68,3,44,4,1,"TRUE","FALSE"
"17537",90,26,178,20,2,"TRUE","TRUE"
"17543",218,25,226,57,6,"TRUE","FALSE"
"17555",76,7,33,11,3,"TRUE","FALSE"
"17579",5,4,6,2,1,"FALSE","FALSE"
"17591",18,2,3,141,1,"FALSE","FALSE"
"17610",212,36,329,44,1,"TRUE","FALSE"
"17617",196,11,76,14,11,"TRUE","FALSE"
"17638",366,23,133,34,1,"TRUE","FALSE"
"17645",131,40,438,82,1,"FALSE","FALSE"
"17695",214,24,234,57,2,"TRUE","FALSE"
"17703",186,16,123,8,1,"TRUE","FALSE"
"17724",543,54,575,80,2,"TRUE","FALSE"
"17732",221,21,167,29,5,"TRUE","FALSE"
"17775",105,29,214,44,1,"TRUE","FALSE"
"17815",103,16,62,7,1,"FALSE","FALSE"
"17817",369,8,23,3,49,"TRUE","FALSE"
"17818",23,5,19,7,1,"FALSE","FALSE"
"17820",238,73,882,149,1,"FALSE","FALSE"
"17835",217,12,152,57,1,"TRUE","FALSE"
"17856",17,7,29,7,1,"FALSE","FALSE"
"17863",62,3,28,3,6,"TRUE","FALSE"
"17874",109,18,241,37,2,"TRUE","FALSE"
"17908",111,15,106,16,1,"FALSE","FALSE"
"17915",237,20,165,46,1,"TRUE","FALSE"
"17918",242,21,332,45,1,"TRUE","FALSE"
"17924",141,23,213,17,4,"TRUE","FALSE"
"17932",75,9,77,26,1,"TRUE","FALSE"
"17944",68,8,32,11,1,"TRUE","FALSE"
"17952",17,4,23,8,1,"FALSE","FALSE"
"17977",68,4,23,2,5,"TRUE","FALSE"
"18051",86,23,275,28,1,"FALSE","FALSE"
"18060",108,31,250,2,1,"FALSE","FALSE"
"18082",49,6,31,2,1,"TRUE","FALSE"
"18084",41,6,12,2,1,"FALSE","FALSE"
"18097",5,4,6,2,1,"FALSE","FALSE"
"18103",26,4,43,3,1,"FALSE","FALSE"
"18121",57,8,70,5,1,"FALSE","FALSE"
"18126",37,12,54,21,1,"FALSE","FALSE"
"18140",61,3,59,1,1,"TRUE","FALSE"
"18160",80,6,41,2,4,"TRUE","FALSE"
"18162",21,5,11,6,1,"FALSE","FALSE"
"18171",260,70,898,144,1,"TRUE","FALSE"
"18173",22,10,61,22,1,"FALSE","FALSE"
"18182",80,2,14,4,1,"TRUE","FALSE"
"18183",221,36,162,1,1,"TRUE","FALSE"
"18196",39,4,28,3,2,"TRUE","FALSE"
"18206",135,26,254,58,1,"FALSE","FALSE"
"18229",181,8,45,2,3,"TRUE","FALSE"
"18235",603,7,117,160,1,"TRUE","FALSE"
"18242",734,96,1462,256,1,"TRUE","FALSE"
"18250",122,15,68,11,1,"TRUE","FALSE"
"18262",35,13,56,11,1,"FALSE","FALSE"
"18264",43,4,57,18,3,"TRUE","FALSE"
"18284",71,13,67,6,1,"FALSE","FALSE"
"18320",85,11,35,3,1,"TRUE","FALSE"
"18326",175,15,105,20,1,"TRUE","FALSE"
"18331",60,7,50,13,1,"FALSE","FALSE"
"18348",36,6,25,6,1,"TRUE","FALSE"
"18362",121,5,195,27,3,"TRUE","FALSE"
"18389",53,20,100,30,4,"TRUE","FALSE"
"18397",230,29,197,36,14,"TRUE","FALSE"
"18398",45,11,76,12,2,"FALSE","FALSE"
"18400",54,3,30,2,2,"TRUE","FALSE"
"18401",77,4,17,2,1,"TRUE","FALSE"
"18403",68,25,139,18,2,"TRUE","FALSE"
"18404",482,27,245,63,1,"TRUE","FALSE"
"18411",148,16,188,17,6,"TRUE","FALSE"
"18422",49,5,28,4,2,"TRUE","FALSE"
"18423",90,13,146,21,1,"TRUE","FALSE"
"18424",85,11,36,3,1,"TRUE","FALSE"
"18429",188,15,110,14,2,"TRUE","FALSE"
"18431",57,6,101,56,1,"TRUE","FALSE"
"18433",14,3,12,68,1,"FALSE","FALSE"
"18453",71,17,99,32,3,"TRUE","FALSE"
"18457",241,17,147,24,6,"TRUE","FALSE"
"18477",10,3,3,43,3,"FALSE","FALSE"
"18478",508,67,860,137,15,"TRUE","FALSE"
"18506",76,2,99,17,2,"TRUE","FALSE"
"18507",68,10,44,12,1,"TRUE","FALSE"
"18510",7,2,11,60,1,"FALSE","FALSE"
"18514",403,20,168,19,1,"TRUE","FALSE"
"18522",70,13,88,17,1,"TRUE","FALSE"
"18523",12,4,10,0,1,"FALSE","FALSE"
"18525",91,15,54,10,2,"TRUE","FALSE"
"18527",243,12,141,12,10,"TRUE","FALSE"
"18534",364,18,138,11,8,"TRUE","FALSE"
"18541",68,15,66,13,1,"TRUE","FALSE"
"18563",180,12,37,10,3,"TRUE","FALSE"
"18566",55,9,49,6,2,"TRUE","FALSE"
"18575",81,6,26,2,3,"TRUE","FALSE"
"18584",268,35,368,33,1,"TRUE","FALSE"
"18588",73,8,43,2,6,"TRUE","FALSE"
"18603",8,4,8,3,1,"FALSE","FALSE"
"18606",1091,27,365,219,1,"TRUE","FALSE"
"18614",8,5,13,1,1,"FALSE","FALSE"
"18616",48,3,18,1,2,"TRUE","FALSE"
"18618",55,19,74,34,1,"TRUE","FALSE"
"18635",461,30,283,68,11,"TRUE","FALSE"
"18645",124,21,93,15,3,"TRUE","FALSE"
"18646",354,24,339,64,1,"TRUE","FALSE"
"18666",98,20,114,9,1,"TRUE","FALSE"
"18668",20,10,39,42,2,"FALSE","FALSE"
"18704",144,3,7,1,1,"TRUE","FALSE"
"18737",121,24,166,14,1,"TRUE","FALSE"
"18739",102,11,128,12,2,"TRUE","FALSE"
"18763",9,2,4,6,1,"FALSE","FALSE"
"18768",163,8,37,7,1,"TRUE","FALSE"
"18771",81,11,58,20,1,"TRUE","FALSE"
"18793",51,13,44,14,2,"TRUE","FALSE"
"18830",44,2,12,5,1,"TRUE","FALSE"
"18831",160,4,15,1,4,"TRUE","FALSE"
"18834",69,17,213,7,2,"TRUE","FALSE"
"18838",17,3,7,0,1,"FALSE","FALSE"
"18846",69,7,49,12,2,"TRUE","FALSE"
"18869",482,21,168,30,1,"TRUE","FALSE"
"18870",57,22,137,37,1,"FALSE","FALSE"
"18872",527,64,726,171,6,"TRUE","FALSE"
"18885",206,22,147,12,9,"TRUE","FALSE"
"18892",240,16,217,21,10,"TRUE","FALSE"
"18896",140,8,85,14,14,"TRUE","FALSE"
"18907",15,7,25,1,1,"FALSE","FALSE"
"18922",32,3,33,3,2,"FALSE","FALSE"
"18923",77,4,95,14,1,"TRUE","FALSE"
"18951",25,12,45,14,1,"FALSE","FALSE"
"18954",258,24,214,30,1,"TRUE","FALSE"
"18955",88,6,91,22,3,"TRUE","FALSE"
"19006",148,18,86,13,16,"TRUE","FALSE"
"19010",174,6,17,1,10,"TRUE","FALSE"
"19012",39,2,17,7,1,"FALSE","FALSE"
"19039",586,2,11,11,5,"TRUE","FALSE"
"19043",32,2,25,6,4,"FALSE","FALSE"
"19055",5,2,4,6,1,"FALSE","FALSE"
"19077",9,5,7,6,1,"FALSE","TRUE"
"19080",1793,3,24,5,2,"TRUE","TRUE"
"19088",148,18,86,13,16,"TRUE","FALSE"
"19102",79,14,67,15,1,"TRUE","FALSE"
"19110",87,3,115,11,1,"TRUE","FALSE"
"19118",95,28,191,21,1,"TRUE","FALSE"
"19158",44,2,22,2,1,"TRUE","FALSE"
"19168",77,5,90,2,3,"TRUE","FALSE"
"19178",99,22,132,60,2,"FALSE","FALSE"
"19205",8,3,13,29,1,"FALSE","FALSE"
"19207",11,4,19,8,1,"FALSE","FALSE"
"19220",89,2,59,2,1,"TRUE","FALSE"
"19253",77,6,19,8,2,"TRUE","FALSE"
"19254",93,16,94,5,1,"TRUE","FALSE"
"19267",18,5,18,26,1,"FALSE","FALSE"
"19273",26,7,31,119,1,"FALSE","FALSE"
"19291",13,5,19,7,1,"FALSE","FALSE"
"19300",150,10,56,20,1,"TRUE","FALSE"
"19305",213,13,106,6,1,"TRUE","FALSE"
"19314",114,13,140,9,5,"TRUE","FALSE"
"19327",37,13,62,12,1,"FALSE","FALSE"
"19330",30,4,7,3,1,"FALSE","FALSE"
"19340",37,7,30,3,1,"TRUE","FALSE"
"19342",24,10,45,26,1,"FALSE","FALSE"
"19343",63,11,49,8,1,"TRUE","FALSE"
"19348",131,40,435,79,1,"FALSE","FALSE"
"19358",37,7,35,2,1,"TRUE","FALSE"
"19373",34,13,64,12,1,"FALSE","FALSE"
"19378",93,10,45,5,1,"TRUE","FALSE"
"19384",99,21,122,25,2,"TRUE","FALSE"
"19403",88,14,122,19,2,"TRUE","FALSE"
"19408",25,3,14,9,1,"FALSE","FALSE"
"19420",67,9,55,5,1,"TRUE","FALSE"
"19427",396,31,276,45,1,"TRUE","FALSE"
"19444",227,15,125,13,1,"TRUE","FALSE"
"19462",42,7,76,7,1,"TRUE","FALSE"
"19465",202,53,641,115,2,"TRUE","FALSE"
"19470",106,14,60,17,3,"TRUE","TRUE"
"19491",145,28,234,94,2,"TRUE","FALSE"
"19511",48,5,53,14,1,"FALSE","FALSE"
"19519",145,14,80,14,2,"TRUE","FALSE"
"19545",2293,22,124,6,1,"TRUE","FALSE"
"19559",34,5,39,19,1,"FALSE","FALSE"
"19562",37,17,89,11,1,"FALSE","FALSE"
"19564",132,12,56,12,1,"FALSE","FALSE"
"19572",46,11,54,21,1,"FALSE","FALSE"
"19588",44,5,17,9,2,"TRUE","FALSE"
"19609",124,12,50,3,12,"TRUE","FALSE"
"19624",96,24,172,27,1,"FALSE","FALSE"
"19626",31,5,20,3,1,"FALSE","FALSE"
"19654",40,6,36,5,1,"FALSE","FALSE"
"19657",796,86,1256,181,2,"TRUE","FALSE"
"19666",62,16,117,26,1,"TRUE","FALSE"
"19674",454,55,755,133,6,"TRUE","FALSE"
"19677",256,19,176,19,3,"TRUE","FALSE"
"19688",262,19,500,173,10,"TRUE","FALSE"
"19697",61,15,118,27,1,"TRUE","FALSE"
"19703",125,12,92,5,1,"TRUE","FALSE"
"19706",73,5,38,2,2,"TRUE","FALSE"
"19707",71,7,34,5,2,"TRUE","FALSE"
"19712",204,16,141,24,1,"FALSE","FALSE"
"19724",14,4,17,3,1,"FALSE","FALSE"
"19740",40,4,22,8,1,"TRUE","FALSE"
"19753",32,4,37,9,1,"FALSE","FALSE"
"19769",13,2,13,1,1,"FALSE","FALSE"
"19783",39,8,21,8,2,"TRUE","FALSE"
"19789",96,18,69,17,2,"TRUE","FALSE"
"19800",64,4,49,23,1,"TRUE","FALSE"
"19817",21,3,24,1,1,"FALSE","FALSE"
"19826",46,4,38,32,1,"TRUE","FALSE"
"19852",73,3,62,0,1,"FALSE","FALSE"
"19855",108,18,155,14,1,"TRUE","FALSE"
"19858",100,13,76,6,1,"TRUE","FALSE"
"19866",4,3,6,25,1,"FALSE","FALSE"
"19891",68,11,112,52,1,"TRUE","FALSE"
"19896",134,39,412,56,1,"TRUE","FALSE"
"19900",4,3,7,0,1,"FALSE","FALSE"
"19906",207,22,144,34,2,"TRUE","FALSE"
"19929",1142,112,1923,292,1,"TRUE","FALSE"
"19951",256,18,170,22,4,"TRUE","FALSE"
"19953",60,3,58,4,1,"TRUE","FALSE"
"19976",325,27,171,47,1,"TRUE","FALSE"
"19980",37,11,61,21,1,"TRUE","FALSE"
"19987",114,16,77,7,1,"TRUE","FALSE"
"19993",47,7,56,6,7,"TRUE","FALSE"
"20012",330,21,120,11,1,"TRUE","FALSE"
"20020",4,2,2,0,1,"FALSE","FALSE"
"20048",9,6,15,3,1,"FALSE","FALSE"
"20064",90,25,225,49,1,"FALSE","FALSE"
"20074",75,13,70,11,2,"TRUE","FALSE"
"20092",34,3,9,6,1,"FALSE","FALSE"
"20095",37,9,35,2,1,"TRUE","FALSE"
"20115",186,7,58,1,5,"TRUE","FALSE"
"20123",43,6,44,4,2,"TRUE","FALSE"
"20137",12,2,5,13,2,"FALSE","FALSE"
"20140",107,4,121,6,1,"TRUE","FALSE"
"20142",59,14,48,4,1,"FALSE","FALSE"
"20143",221,25,189,46,1,"FALSE","FALSE"
"20148",67,25,90,18,1,"TRUE","FALSE"
"20155",115,21,105,15,1,"TRUE","FALSE"
"20161",69,16,47,17,1,"FALSE","FALSE"
"20169",94,15,77,7,3,"TRUE","FALSE"
"20182",443,32,260,90,1,"TRUE","FALSE"
"20192",231,7,46,38,2,"TRUE","FALSE"
"20202",512,7,146,58,52,"TRUE","FALSE"
"20214",150,4,52,164,47,"TRUE","FALSE"
"20227",4,2,2,11,1,"FALSE","FALSE"
"20234",4,2,2,1,1,"FALSE","FALSE"
"20243",474,7,147,14,9,"TRUE","FALSE"
"20246",144,5,45,42,2,"TRUE","FALSE"
"20291",7,3,12,3,1,"FALSE","FALSE"
"20306",133,2,25,6,51,"TRUE","FALSE"
"20321",1322,13,176,63,1,"TRUE","FALSE"
"20355",110,2,12,19,53,"TRUE","FALSE"
"20366",1,2,4,0,1,"FALSE","TRUE"
"20367",2,2,4,0,1,"FALSE","TRUE"
"20373",176,6,42,8,2,"TRUE","FALSE"
"20374",3749,16,389,414,3,"TRUE","FALSE"
"20383",924,10,154,68,2,"TRUE","FALSE"
"20387",42,9,45,111,1,"FALSE","FALSE"
"20398",83,5,34,18,1,"TRUE","FALSE"
"20401",199,8,195,133,1,"TRUE","FALSE"
"20402",31,2,38,16,1,"FALSE","FALSE"
"20407",230,6,42,96,52,"TRUE","FALSE"
"20412",274,14,184,55,1,"TRUE","FALSE"
"20418",38,2,14,3,1,"TRUE","FALSE"
"20420",134,6,26,78,53,"TRUE","FALSE"
"20440",4,2,2,11,1,"FALSE","FALSE"
"20441",177,17,189,53,6,"TRUE","TRUE"
"20472",78,2,29,7,6,"TRUE","FALSE"
"20473",176,5,141,106,1,"TRUE","FALSE"
"20483",89,9,60,44,1,"TRUE","FALSE"
"20493",3865,9,151,143,53,"TRUE","FALSE"
"20494",134,4,86,63,1,"TRUE","FALSE"
"20503",72,7,62,48,1,"TRUE","FALSE"
"20509",1027,9,113,175,53,"TRUE","FALSE"
"20513",89,9,60,44,1,"TRUE","FALSE"
"20538",48,3,28,4,1,"TRUE","FALSE"
"20545",99,5,39,40,3,"TRUE","TRUE"
"20555",5,3,7,1,1,"FALSE","FALSE"
"20564",18,2,7,10,1,"FALSE","FALSE"
"20568",113,5,29,4,1,"TRUE","FALSE"
"20575",105,15,185,55,1,"TRUE","FALSE"
"20622",89,15,94,20,1,"TRUE","FALSE"
"20629",10,5,13,22,1,"FALSE","FALSE"
"20630",417,34,523,120,1,"TRUE","FALSE"
"20634",257,29,343,181,1,"TRUE","FALSE"
"20655",14,4,21,5,1,"FALSE","FALSE"
"20659",75,9,68,28,1,"TRUE","FALSE"
"20673",534,20,369,295,1,"TRUE","FALSE"
"20676",23,3,9,2,1,"FALSE","FALSE"
"20678",15,4,14,41,1,"FALSE","FALSE"
"20691",76,13,64,53,1,"FALSE","FALSE"
"20692",178,6,118,57,1,"TRUE","FALSE"
"20694",26,2,6,0,2,"FALSE","FALSE"
"20701",36,4,12,6,2,"TRUE","FALSE"
"20705",92,8,66,47,1,"FALSE","FALSE"
"20723",22,6,22,6,3,"FALSE","FALSE"
"20731",228,24,185,77,2,"TRUE","FALSE"
"20746",127,8,91,58,1,"TRUE","FALSE"
"20769",1072,12,729,260,2,"TRUE","TRUE"
"20770",695,11,62,26,1,"TRUE","FALSE"
"20787",840,15,97,22,15,"TRUE","FALSE"
"20802",11,5,5,2,1,"FALSE","FALSE"
"20803",12,5,5,1,1,"FALSE","FALSE"
"20810",26,9,13,9,1,"FALSE","FALSE"
"20811",42,10,21,9,4,"TRUE","FALSE"
"20825",197,9,80,30,9,"TRUE","FALSE"
"20829",26,3,13,3,2,"FALSE","TRUE"
"20830",1911,20,1348,521,2,"TRUE","TRUE"
"20834",182,3,27,3,2,"TRUE","FALSE"
"20835",15,3,8,5,1,"FALSE","FALSE"
"20837",11056,24,3945,335,1392,"TRUE","FALSE"
"20854",36,6,29,17,1,"FALSE","FALSE"
"20874",18,5,11,5,1,"FALSE","FALSE"
"20885",13,5,9,3,1,"FALSE","FALSE"
"20889",10,2,4,1,1,"FALSE","FALSE"
"20908",34,3,44,12,3,"TRUE","FALSE"
"20911",68,9,68,17,1,"TRUE","FALSE"
"20927",15,3,21,2,1,"FALSE","FALSE"
"20934",74,6,25,16,1,"TRUE","FALSE"
"20973",48,7,35,7,1,"TRUE","FALSE"
"20975",7,2,8,0,1,"FALSE","FALSE"
"20994",19,10,18,10,1,"FALSE","FALSE"
"21004",39,6,59,6,1,"TRUE","FALSE"
"21015",23,5,32,9,1,"FALSE","FALSE"
"21019",11,4,15,3,1,"FALSE","FALSE"
"21042",45,12,59,12,1,"TRUE","FALSE"
"21050",10,2,2,1,5,"FALSE","FALSE"
"21051",44,4,39,11,1,"FALSE","FALSE"
"21070",22,3,14,7,2,"FALSE","FALSE"
"21071",23,3,16,10,2,"FALSE","FALSE"
"21078",85,7,46,17,1,"TRUE","FALSE"
"21085",26,5,37,11,1,"FALSE","FALSE"
"21086",19,3,20,7,1,"FALSE","FALSE"
"21095",18,4,21,1,2,"FALSE","FALSE"
"21099",12,3,15,12,1,"FALSE","FALSE"
"21102",46,2,23,0,4,"FALSE","FALSE"
"21109",47,15,66,16,1,"TRUE","FALSE"
"21142",4,2,2,0,2,"FALSE","FALSE"
"21143",185,7,69,18,1,"TRUE","FALSE"
"21148",55,2,6,5,9,"TRUE","FALSE"
"21162",31,5,30,6,1,"FALSE","FALSE"
"21166",10,2,10,2,1,"FALSE","FALSE"
"21178",19,2,6,3,1,"FALSE","FALSE"
"21182",77,4,37,8,1,"TRUE","FALSE"
